{
  "n_samples": 32,
  "n_tissues": 22,
  "tissue_names": [
    "Adipocytes",
    "Aorta",
    "Bladder",
    "Blood",
    "Bone",
    "Cerebellum",
    "Colon",
    "Coronary",
    "Cortex",
    "Dermal",
    "Epidermal",
    "Gastric",
    "Heart",
    "Kidney",
    "Liver",
    "Lung",
    "Neuron",
    "Oligodendrocytes",
    "Pancreas",
    "Prostate",
    "Skeletal",
    "Small"
  ],
  "per_tissue_stats": {
    "Adipocytes": {
      "mean": 0.019261397421360016,
      "std": 0.0066649774089455605,
      "min": 0.00882251001894474,
      "max": 0.03971271216869354,
      "median": 0.01791812852025032
    },
    "Aorta": {
      "mean": 0.009137095883488655,
      "std": 0.00416835630312562,
      "min": 0.0014035679632797837,
      "max": 0.021185141056776047,
      "median": 0.008244873955845833
    },
    "Bladder": {
      "mean": 0.01416692603379488,
      "std": 0.003590672044083476,
      "min": 0.007843201979994774,
      "max": 0.02383146993815899,
      "median": 0.013440762646496296
    },
    "Blood": {
      "mean": 0.30996692180633545,
      "std": 0.245164692401886,
      "min": 0.023767169564962387,
      "max": 0.8181833028793335,
      "median": 0.25423648953437805
    },
    "Bone": {
      "mean": 0.036897849291563034,
      "std": 0.05945391580462456,
      "min": 0.0031907546799629927,
      "max": 0.36056992411613464,
      "median": 0.02713848277926445
    },
    "Cerebellum": {
      "mean": 0.011958757415413857,
      "std": 0.005947399418801069,
      "min": 0.0016248482279479504,
      "max": 0.024307070299983025,
      "median": 0.01179942674934864
    },
    "Colon": {
      "mean": 0.0402248241007328,
      "std": 0.03915676102042198,
      "min": 0.009670503437519073,
      "max": 0.1630140244960785,
      "median": 0.020170781761407852
    },
    "Coronary": {
      "mean": 0.023872539401054382,
      "std": 0.010157426819205284,
      "min": 0.0067565469071269035,
      "max": 0.05115477740764618,
      "median": 0.021649185568094254
    },
    "Cortex": {
      "mean": 0.013245714828372002,
      "std": 0.009566549211740494,
      "min": 0.0021722682286053896,
      "max": 0.043541308492422104,
      "median": 0.010529033839702606
    },
    "Dermal": {
      "mean": 0.00788240134716034,
      "std": 0.0035222647711634636,
      "min": 0.0034762294963002205,
      "max": 0.017878366634249687,
      "median": 0.007250554859638214
    },
    "Epidermal": {
      "mean": 0.006548990961164236,
      "std": 0.002389781642705202,
      "min": 0.0026791070122271776,
      "max": 0.01557166501879692,
      "median": 0.005849197506904602
    },
    "Gastric": {
      "mean": 0.01632729172706604,
      "std": 0.009388540871441364,
      "min": 0.004114385694265366,
      "max": 0.037628401070833206,
      "median": 0.01619340479373932
    },
    "Heart": {
      "mean": 0.005037820897996426,
      "std": 0.0017597421538084745,
      "min": 0.0023385630920529366,
      "max": 0.010805926285684109,
      "median": 0.00471059326082468
    },
    "Kidney": {
      "mean": 0.014061367139220238,
      "std": 0.006295854225754738,
      "min": 0.0036411972250789404,
      "max": 0.0279815886169672,
      "median": 0.01314452663064003
    },
    "Liver": {
      "mean": 0.3689796030521393,
      "std": 0.2151218056678772,
      "min": 0.015897000208497047,
      "max": 0.6807893514633179,
      "median": 0.4680170714855194
    },
    "Lung": {
      "mean": 0.02497510239481926,
      "std": 0.01847354881465435,
      "min": 0.004760086070746183,
      "max": 0.07080182433128357,
      "median": 0.020926451310515404
    },
    "Neuron": {
      "mean": 0.0181330144405365,
      "std": 0.019762136042118073,
      "min": 0.005561860743910074,
      "max": 0.09332096576690674,
      "median": 0.011509228497743607
    },
    "Oligodendrocytes": {
      "mean": 0.012277969159185886,
      "std": 0.010800598189234734,
      "min": 0.003387108212336898,
      "max": 0.04742477834224701,
      "median": 0.00890074297785759
    },
    "Pancreas": {
      "mean": 0.01005601231008768,
      "std": 0.004419705364853144,
      "min": 0.0033553706016391516,
      "max": 0.021129772067070007,
      "median": 0.009982814081013203
    },
    "Prostate": {
      "mean": 0.0054108756594359875,
      "std": 0.0017789771081879735,
      "min": 0.0024271609727293253,
      "max": 0.008896710351109505,
      "median": 0.005380814429372549
    },
    "Skeletal": {
      "mean": 0.01512643788009882,
      "std": 0.003749713534489274,
      "min": 0.0075770290568470955,
      "max": 0.020878873765468597,
      "median": 0.015007741749286652
    },
    "Small": {
      "mean": 0.016451086848974228,
      "std": 0.007731989491730928,
      "min": 0.0026076321955770254,
      "max": 0.03486211970448494,
      "median": 0.016502108424901962
    }
  }
}